,nsample,pid,coretype,expid,event,pmc0,pmc1,pmc2,pmc3,pmc4,pmc5,pmc6,pmc7
0,1,2217,0,0,tick,940847237,1887882906,1901466456,940847237,293699340,801666536.0,1980314337.0,0.0
1,3,2217,0,0,tick,818131399,1983366008,1980497952,818131399,304245497,839673365.0,1999203577.0,0.0
2,5,2217,0,0,tick,835354590,1999709439,1997402430,835354590,315064641,846741936.0,2002927120.0,0.0
3,7,2217,0,0,tick,840392724,2001922229,2000296092,840392724,317572629,841171347.0,1991993649.0,0.0
4,9,2217,0,0,tick,840068175,1990644886,1989817176,840068175,319548735,807248867.0,1992621186.0,0.0
5,11,2217,0,0,tick,847992495,1994400381,1994061192,847992495,325228499,863868896.0,1982417547.0,0.0
6,13,2217,0,0,tick,887709129,2003550297,2003305488,887709129,340559355,870436820.0,1976761487.0,0.0
7,15,2217,0,0,tick,881299577,2001772928,2001381306,881299577,337210336,872536496.0,1987167051.0,0.0
8,17,2217,0,0,tick,872351451,1986872097,1986510438,872351451,333715537,887107102.0,2003116364.0,0.0
9,19,2217,0,0,tick,887225142,2003008824,2002707822,887225142,339944058,887006894.0,2003253829.0,0.0
10,21,2217,0,0,tick,890619296,2003086772,2002845888,890619296,341675647,891759856.0,2003272378.0,0.0
11,23,2217,0,0,tick,877050303,1978358078,1986032046,877050303,335894309,876427093.0,1987119607.0,0.0
12,25,2217,0,0,tick,875574872,2002824518,2002439526,875574872,334319384,884329338.0,2003252883.0,0.0
13,27,2217,0,0,tick,889765004,2002835962,2002679376,889765004,341000115,885795990.0,2002809899.0,0.0
14,29,2217,0,0,tick,878871625,1993593334,1993367862,878871625,337413654,872327018.0,2001737025.0,0.0
15,31,2217,0,0,tick,862935093,2001908326,2001291240,862935093,330406562,853308386.0,1984694535.0,0.0
16,33,2217,0,0,tick,864045301,1986812510,1986438150,864045301,331699137,862141160.0,1985189422.0,0.0
17,35,2217,0,0,tick,865173135,2001312562,2000797920,865173135,332786563,863649227.0,2003017886.0,0.0
18,37,2217,0,0,tick,861366230,2002610609,2001959352,861366230,331449075,851963622.0,2002360525.0,0.0
19,39,2217,0,0,tick,851953481,2001790054,2001053940,851953481,327730701,847749613.0,2001903222.0,0.0
20,41,2217,0,0,tick,847145442,2002535329,2001485478,847145442,326283553,838343914.0,2002014572.0,0.0
21,43,2217,0,0,tick,835579249,2002350545,2001253710,835579249,322429206,816016089.0,1986054559.0,0.0
22,45,2217,0,0,tick,821407483,2001390696,2000040822,821407483,317316169,809382991.0,1975867527.0,0.0
23,47,2217,0,0,tick,813336359,2002053769,2000471820,813336359,314534486,812376497.0,2002387909.0,0.0
24,49,2217,0,0,tick,811165195,2002429555,2000718756,811165195,313545846,797736337.0,1989053963.0,0.0
25,51,2217,0,0,tick,801576902,2001493050,1999486266,801576902,310317575,789587299.0,2002438502.0,0.0
26,53,2217,0,0,tick,788557535,2002077959,1999832154,788557535,305565848,775858714.0,1977988298.0,0.0
27,55,2217,0,0,tick,779911459,2002391257,1999917432,779911459,301815063,773694449.0,2001954857.0,0.0
28,57,2217,0,0,tick,768790739,2002119666,1999378242,768790739,297902063,757272342.0,1986250078.0,0.0
29,59,2217,0,0,tick,749671339,1986421676,1983419394,749671339,290618765,741173136.0,1986433348.0,0.0
30,61,2217,0,0,tick,742728712,2002393246,1999090272,742728712,287050477,733666095.0,2001878726.0,0.0
31,63,2217,0,0,tick,714256310,2001993349,1998727554,714256310,274924958,714434495.0,1985558015.0,0.0
32,65,2217,0,0,tick,708496396,2001178165,1997664138,708496396,272088348,700137274.0,2001686888.0,0.0
33,67,2217,0,0,tick,676159816,1975400337,1982795856,676159816,256137037,668684123.0,1992989435.0,0.0
34,69,2217,0,0,tick,665025547,2002018345,1998884040,665025547,246341360,649924801.0,1986268948.0,0.0
35,71,2217,0,0,tick,633104324,2001776912,1998735678,633104324,228819159,606148356.0,2001568705.0,0.0
36,73,2217,0,0,tick,568074502,1984799146,1982364690,568074502,197677825,521031385.0,2001239051.0,0.0
37,75,2217,0,0,tick,433769668,2000757335,2000082288,433769668,128654989,809608037.0,1855623304.0,0.0
38,77,2217,0,0,tick,716617531,1979995604,1973142102,716617531,77324861,594064200.0,1978306877.0,0.0
39,79,2217,0,0,tick,497750881,1995030687,1990068720,497750881,67164964,444487487.0,2000450478.0,0.0
40,81,2217,0,0,tick,410578314,1999407170,1995537054,410578314,61166640,380743192.0,1999273473.0,0.0
41,83,2217,0,0,tick,421509741,2000221183,1996902066,421509741,61364441,425276767.0,2000022992.0,0.0
42,85,2217,0,0,tick,445481122,1984109543,1979775390,445481122,55841671,466638553.0,1999674111.0,0.0
43,87,2217,0,0,tick,403097198,1984395348,1981421586,403097198,62162324,363922751.0,1985105369.0,0.0
44,89,2217,0,0,tick,361370073,2000870322,1998488298,361370073,60924068,484309283.0,2001589902.0,0.0
45,91,2217,0,0,tick,626269252,2002577977,2010671718,626269252,264111117,822042733.0,2000558577.0,0.0
46,93,2217,0,0,tick,876953700,1977311532,1976255286,876953700,331156663,763198708.0,2001736413.0,0.0
47,95,2217,0,0,tick,735287009,1978924286,1982582976,735287009,260662424,738482523.0,2001557991.0,0.0
48,97,2217,0,0,tick,683491853,2001274025,1999510590,683491853,230779197,680284655.0,2001709557.0,0.0
49,99,2217,0,0,tick,662678793,2001875679,2001247992,662678793,211157975,655643052.0,2002177423.0,0.0
50,101,2217,0,0,tick,646416664,2002032953,2001539418,646416664,199355866,551605910.0,2002434574.0,0.0
51,103,2217,0,0,tick,622611546,1894263258,1898477148,622611546,110247262,695414472.0,1993725257.0,0.0
52,105,2217,0,0,tick,739495915,1999988288,1994944488,739495915,79205999,709731752.0,1999810107.0,0.0
53,107,2217,0,0,tick,738560548,1999862064,1994568630,738560548,75721191,692895686.0,1975487214.0,0.0
54,109,2217,0,0,tick,679550919,1999836801,1994195124,679550919,69551367,672041659.0,1977271222.0,0.0
55,111,2217,0,0,tick,684755223,1990871872,1985000358,684755223,69640753,675654717.0,1999459821.0,0.0
56,113,2217,0,0,tick,661024803,1956705713,1953908592,661024803,80159470,675099920.0,1998916490.0,0.0
57,115,2217,0,0,tick,681391919,1998306716,1992349140,681391919,69356089,667185602.0,1973951718.0,0.0
58,117,2217,0,0,tick,680960944,1998491051,1992718140,680960944,82420044,675922360.0,1999107646.0,0.0
59,119,2217,0,0,tick,657114812,1999800173,1993777908,657114812,68102917,654524738.0,1999046100.0,0.0
60,121,2217,0,0,tick,603579994,1998988144,1993941414,603579994,66929970,495426407.0,1999801165.0,0.0
61,123,2217,0,0,tick,409981374,1999968716,1997409714,409981374,58322465,333364363.0,1991117498.0,0.0
62,125,2217,0,0,tick,532419859,1985788024,1977129912,532419859,234025408,558951915.0,2001320500.0,0.0
63,127,2217,0,0,tick,517280791,1985473751,1984927788,517280791,226678109,525428805.0,1985837536.0,0.0
64,129,2217,0,0,tick,472046837,1997805963,1999287246,472046837,152719612,1144033722.0,2003526248.0,0.0
65,131,2217,0,0,tick,1066991267,2003101392,2002913388,1066991267,417641097,1008580183.0,1995596066.0,0.0
66,133,2217,0,0,tick,981516471,1985729204,1985525106,981516471,383752230,924437938.0,2002550310.0,0.0
67,135,2217,0,0,tick,880938785,1981326792,1985764788,880938785,341284072,880608155.0,1986756371.0,0.0
68,137,2217,0,0,tick,908082599,1994751158,1994454168,908082599,357266000,877373977.0,2002912624.0,0.0
69,139,2217,0,0,tick,833067566,1986584515,1986679080,833067566,319554230,863291818.0,2003007087.0,0.0
70,141,2217,0,0,tick,845960158,1986849746,1986662976,845960158,329746700,853790961.0,1987291936.0,0.0
71,143,2217,0,0,tick,835216695,2001295838,2001327108,835216695,322164235,843016648.0,1986232710.0,0.0
72,145,2217,0,0,tick,860273171,2002759762,2002700028,860273171,337944659,846708130.0,2002982357.0,0.0
73,147,2217,0,0,tick,841960334,1986415696,1986429648,841960334,326531890,835306876.0,1985954961.0,0.0
74,149,2217,0,0,tick,829165360,2002078820,2001906780,829165360,315524752,848577437.0,2002882028.0,0.0
75,151,2217,0,0,tick,842821935,2002756465,2002592148,842821935,321300364,839448002.0,2002273425.0,0.0
76,153,2217,0,0,tick,858074683,1986168953,1986198516,858074683,327452631,844614848.0,2002294216.0,0.0
77,155,2217,0,0,tick,832789286,1986862522,1986516990,832789286,310740730,823715727.0,1988883516.0,0.0
78,157,2217,0,0,tick,845407114,2002126508,2002220772,845407114,315981059,838430645.0,2002725087.0,0.0
79,159,2217,0,0,tick,867539784,2002833237,2002848294,867539784,327267110,850078847.0,2002663049.0,0.0
80,161,2217,0,0,tick,840849654,2002139207,2002005744,840849654,311136993,848349434.0,2002669803.0,0.0
81,163,2217,0,0,tick,846189826,2002308538,2002377936,846189826,305981556,827434173.0,1972475072.0,0.0
82,165,2217,0,0,tick,843289278,2002098541,2002175100,843289278,299313213,834221463.0,2002748957.0,0.0
83,167,2217,0,0,tick,805671627,2002431564,2002318722,805671627,275227966,831052058.0,2002319945.0,0.0
84,169,2217,0,0,tick,810631881,2002330704,2002303614,810631881,272344830,806545470.0,2002491885.0,0.0
85,171,2217,0,0,tick,777059325,2002210747,2002127880,777059325,238203970,599725374.0,2002359917.0,0.0
86,173,2217,0,0,tick,439867113,1959064320,1959017394,439867113,98810668,781564978.0,1998759177.0,0.0
87,175,2217,0,0,tick,736959896,1999309447,1994888478,736959896,80397426,735165880.0,1999373677.0,0.0
88,177,2217,0,0,tick,672030149,1999323533,1995407184,672030149,79800549,638431745.0,1999267459.0,0.0
89,179,2217,0,0,tick,623026225,1981577275,1979429808,623026225,76070616,610218667.0,2000116241.0,0.0
90,181,2217,0,0,tick,625904058,2000162918,1995943062,625904058,71096438,606443843.0,2000726315.0,0.0
91,183,2217,0,0,tick,546572626,1992517075,1989993204,546572626,77238205,535121276.0,1992572863.0,0.0
92,185,2217,0,0,tick,497605958,1981653780,1981481094,497605958,75178484,425875484.0,2000978502.0,0.0
93,187,2217,0,0,tick,412736433,2001262330,1998631578,412736433,133615584,543913669.0,2000995317.0,0.0
94,189,2217,0,0,tick,560096867,2000650651,1997969922,560096867,239233032,523802689.0,2000617007.0,0.0
95,191,2217,0,0,tick,531185299,1999885139,2003202186,531185299,208644600,651663520.0,1999688280.0,0.0
96,193,2217,0,0,tick,983743286,2003122237,2002499178,983743286,394643322,893709213.0,1986109776.0,0.0
97,195,2217,0,0,tick,891008271,2002318288,2001561996,891008271,360930306,857464662.0,1978899951.0,0.0
98,197,2217,0,0,tick,848553963,2002605296,2001704964,848553963,340850434,857097006.0,2003030054.0,0.0
99,199,2217,0,0,tick,857762075,2002661399,2001813630,857762075,346169629,852703400.0,2002108563.0,0.0
100,201,2217,0,0,tick,840280723,2002699023,2001804744,840280723,336831325,842730696.0,2003179932.0,0.0
101,203,2217,0,0,tick,825466558,1986833205,1985883534,825466558,328861272,834685662.0,2003085361.0,0.0
102,205,2217,0,0,tick,825844796,1986426262,1985592990,825844796,328685125,826686710.0,2002140776.0,0.0
103,207,2217,0,0,tick,823649674,2002420191,2001620490,823649674,326178532,820766287.0,2002883733.0,0.0
104,209,2217,0,0,tick,809876484,1986562862,1985915790,809876484,321003499,820413856.0,2002723600.0,0.0
105,211,2217,0,0,tick,816974163,2002491057,2001605856,816974163,322441482,800976374.0,2002332455.0,0.0
106,213,2217,0,0,tick,814002491,2002900400,2002054920,814002491,319900113,811063302.0,2001732516.0,0.0
107,215,2217,0,0,tick,799988311,1993908673,1993089036,799988311,310850203,801102409.0,1978664999.0,0.0
108,217,2217,0,0,tick,807297530,2002504041,2001856236,807297530,314182289,805853765.0,2002105147.0,0.0
109,219,2217,0,0,tick,787067710,1986259886,1986017940,787067710,303413428,788288350.0,2002696605.0,0.0
110,221,2217,0,0,tick,780340699,2002565365,2001848082,780340699,300296685,767994076.0,2002535717.0,0.0
111,223,2217,0,0,tick,785938013,2002454594,2001881376,785938013,298117270,780248963.0,2002431423.0,0.0
112,225,2217,0,0,tick,768474043,1986420434,1985799906,768474043,287818199,759104946.0,2002456600.0,0.0
113,227,2217,0,0,tick,771855443,2001747572,2001163470,771855443,290261032,764257688.0,2002487283.0,0.0
114,229,2217,0,0,tick,743404083,2001701505,2000712096,743404083,270985343,741782783.0,1986819716.0,0.0
115,231,2217,0,0,tick,747817344,1973830429,1985362152,747817344,274283848,726424357.0,2001885477.0,0.0
116,233,2217,0,0,tick,747422601,2002404529,2001688038,747422601,272031200,748046299.0,2002623597.0,0.0
117,235,2217,0,0,tick,728764819,1987153529,1986296814,728764819,257278834,721308956.0,2001444754.0,0.0
118,237,2217,0,0,tick,722016485,2001016943,1999881936,722016485,251066308,729280823.0,1978184578.0,0.0
119,239,2217,0,0,tick,687092270,1985550199,1984530024,687092270,234864047,701509954.0,2002133869.0,0.0
120,241,2217,0,0,tick,690997529,2002104098,2001240708,690997529,233717048,640855121.0,1985479835.0,0.0
121,243,2217,0,0,tick,592583139,1985850828,1985083182,592583139,180790252,585883822.0,2001729645.0,0.0
122,245,2217,0,0,tick,555523199,1993334057,1992894372,555523199,162840809,552597997.0,1984274140.0,0.0
123,247,2217,0,0,tick,542672611,2001963497,2001928728,542672611,153435627,511343920.0,1985496972.0,0.0
124,249,2217,0,0,tick,491516060,2002167709,2002114902,491516060,131457386,491283941.0,2002471188.0,0.0
125,251,2217,0,0,tick,369299415,1984272336,1984255038,369299415,95435160,687495534.0,1997796629.0,0.0
126,253,2217,0,0,tick,730019344,1999776896,1995254688,730019344,76718093,757342414.0,1999844205.0,0.0
127,255,2217,0,0,tick,744301260,1999010705,1994243022,744301260,82935167,711060012.0,1973183390.0,0.0
128,257,2217,0,0,tick,714138535,1999574289,1994303616,714138535,82000965,706244174.0,2000281603.0,0.0
129,259,2217,0,0,tick,681159669,1999864783,1993868946,681159669,72005838,664602146.0,1999835922.0,0.0
130,261,2217,0,0,tick,615368869,2000505882,1995961344,615368869,80740752,544475244.0,2000265132.0,0.0
131,263,2217,0,0,tick,519536212,1982077915,1981009614,519536212,75197109,452720385.0,2001070278.0,0.0
132,265,2217,0,0,tick,376402789,2000928261,2000030790,376402789,63852487,355180768.0,1985550285.0,0.0
133,267,2217,0,0,tick,553468371,2000662119,1995940950,553468371,235903597,534634971.0,1999614119.0,0.0
134,269,2217,0,0,tick,527270177,2001141487,2008688862,527270177,223080050,547916178.0,2000918718.0,0.0
135,271,2217,0,0,tick,575050680,1982516732,1985201670,575050680,187774228,910361671.0,2002638120.0,0.0
136,273,2217,0,0,tick,885704441,2003243380,2003010684,885704441,355745962,874468525.0,2003543843.0,0.0
137,275,2217,0,0,tick,866516543,2002340434,2002097652,866516543,345305404,866884123.0,2001885558.0,0.0
138,277,2217,0,0,tick,843505596,2001580107,2001503490,843505596,331013026,850395203.0,2001949300.0,0.0
139,279,2217,0,0,tick,855592358,2001599895,2001310230,855592358,337956979,837175054.0,1981278532.0,0.0
140,281,2217,0,0,tick,841254868,1986547548,1986423720,841254868,330002388,827125495.0,2002760505.0,0.0
141,283,2217,0,0,tick,841876996,2002484939,2002516944,841876996,328291591,833246026.0,2002085410.0,0.0
142,285,2217,0,0,tick,821538473,1994018572,1993806576,821538473,313951013,828115557.0,1992811378.0,0.0
143,287,2217,0,0,tick,815874283,2001574241,2001467694,815874283,306569248,825314952.0,2002565202.0,0.0
144,289,2217,0,0,tick,818315192,1979990919,1986060048,818315192,306621620,818312480.0,2002101947.0,0.0
145,291,2217,0,0,tick,815977814,1985691447,1985635866,815977814,300938058,818865815.0,2002657609.0,0.0
146,293,2217,0,0,tick,794057247,1986389461,1986232182,794057247,284663181,790856450.0,2002396025.0,0.0
147,295,2217,0,0,tick,788883943,2002206444,2001920034,788883943,277939979,763750203.0,1977857282.0,0.0
148,297,2217,0,0,tick,776887813,1987955646,1993670952,776887813,267434231,755958318.0,1986543268.0,0.0
149,299,2217,0,0,tick,728357928,2002048043,2001457878,728357928,238147459,732573315.0,2002445098.0,0.0
150,301,2217,0,0,tick,718308245,2001502810,2000972892,718308245,224643785,675202120.0,1992509013.0,0.0
151,303,2217,0,0,tick,617893402,1986396006,1986217758,617893402,168451215,582278918.0,1994082711.0,0.0
152,305,2217,0,0,tick,575614370,1997465986,1997049108,575614370,99121599,764749712.0,1999874755.0,0.0
153,307,2217,0,0,tick,772213799,1987381436,1985699304,772213799,82002425,775412932.0,2000135134.0,0.0
154,309,2217,0,0,tick,756254796,2000163824,1994754366,756254796,78703219,727627677.0,2000425370.0,0.0
155,311,2217,0,0,tick,691982652,1999147832,1994057688,691982652,74231075,673664564.0,1984461820.0,0.0
156,313,2217,0,0,tick,681430423,2000108313,1995387222,681430423,83959833,643828738.0,1999774221.0,0.0
157,315,2217,0,0,tick,633270024,1999549789,1995737436,633270024,84158156,588501868.0,1999742966.0,0.0
158,317,2217,0,0,tick,588803858,1983634378,1980218964,588803858,81015481,541819318.0,1980586092.0,0.0
159,319,2217,0,0,tick,462299421,1984368932,1982086062,462299421,61172660,357550522.0,1993439041.0,0.0
160,321,2217,0,0,tick,538892213,1985919233,1979777742,538892213,227229527,530245455.0,2001567648.0,0.0
161,323,2217,0,0,tick,522509501,1983973367,1988836320,522509501,223696145,529500547.0,2000599643.0,0.0
162,325,2217,0,0,tick,399345900,1997737660,2005371402,399345900,118945316,957966784.0,2003206819.0,0.0
163,327,2217,0,0,tick,858621370,1986554489,1986254412,858621370,329519548,837899351.0,1979177922.0,0.0
164,329,2217,0,0,tick,835772989,2002321008,2001873684,835772989,327402198,850713958.0,2003058993.0,0.0
165,331,2217,0,0,tick,831182784,2002313886,2001807234,831182784,325475107,826398242.0,2002958321.0,0.0
166,333,2217,0,0,tick,828067982,2002759480,2002312968,828067982,327357744,812550594.0,2002831094.0,0.0
167,335,2217,0,0,tick,820588533,2002524709,2002155390,820588533,315741958,815786604.0,2002787203.0,0.0
168,337,2217,0,0,tick,778016116,2002211172,2001704934,778016116,292916504,816461664.0,2002411277.0,0.0
169,339,2217,0,0,tick,785566680,2002422182,2002012032,785566680,295997567,787310186.0,1987389526.0,0.0
170,341,2217,0,0,tick,803308218,1993785735,1993389864,803308218,307421628,775301025.0,2002280980.0,0.0
171,343,2217,0,0,tick,769435516,1998047928,1997581134,769435516,287591575,749669790.0,1982260419.0,0.0
172,345,2217,0,0,tick,765143696,2001142389,2000628738,765143696,283393364,742476812.0,2001902464.0,0.0
173,347,2217,0,0,tick,738037024,1980017176,1985301720,738037024,266744085,745998997.0,2002235074.0,0.0
174,349,2217,0,0,tick,756171279,2002272709,2001731898,756171279,273827151,747398647.0,1993903215.0,0.0
175,351,2217,0,0,tick,745914821,2001203276,2000396028,745914821,261485337,725267294.0,2001456410.0,0.0
176,353,2217,0,0,tick,712214222,2001897282,2000966658,712214222,243664652,676236888.0,2001622816.0,0.0
177,355,2217,0,0,tick,659167376,2001305407,2000456808,659167376,213682083,626818006.0,2000952723.0,0.0
178,357,2217,0,0,tick,602056487,2002013818,2001241056,602056487,182403693,583371119.0,2002358695.0,0.0
179,359,2217,0,0,tick,583516319,2002137582,2001569532,583516319,169316734,552013967.0,1977538767.0,0.0
180,361,2217,0,0,tick,517181332,2002198395,2002126200,517181332,138303945,390321954.0,1999670047.0,0.0
181,363,2217,0,0,tick,756119611,1999786836,1997675748,756119611,102708639,746923227.0,2000450614.0,0.0
182,365,2217,0,0,tick,783085446,2000012456,1995098652,783085446,80623204,784700425.0,1983671887.0,0.0
183,367,2217,0,0,tick,770450267,1984256451,1978997472,770450267,78492164,767974174.0,1993875596.0,0.0
184,369,2217,0,0,tick,746236025,1999462009,1993809456,746236025,77410662,698535485.0,1999100423.0,0.0
185,371,2217,0,0,tick,661498576,1984215334,1978754988,661498576,72465138,589503754.0,1999373453.0,0.0
186,373,2217,0,0,tick,529544520,1983745199,1980946416,529544520,77488522,450987219.0,2001036047.0,0.0
187,375,2217,0,0,tick,387039535,1993284193,1992379824,387039535,68268310,300705902.0,2001857351.0,0.0
188,377,2217,0,0,tick,518241948,2001706320,1995630708,518241948,221530181,544987075.0,2000617684.0,0.0
189,379,2217,0,0,tick,540459198,2000534243,2006688738,540459198,229179364,539086793.0,1999809001.0,0.0
190,381,2217,0,0,tick,413841588,1987413176,1997195634,413841588,125472353,1093970911.0,1977650676.0,0.0
191,383,2217,0,0,tick,864377920,2002435024,2002225050,864377920,345440509,843087558.0,2001745953.0,0.0
192,385,2217,0,0,tick,825925210,1986781552,1986851112,825925210,322497204,849280790.0,2003029372.0,0.0
193,387,2217,0,0,tick,824771145,2002427398,2002467294,824771145,318160419,822391222.0,2002932620.0,0.0
194,389,2217,0,0,tick,834821188,1978920235,1986904530,834821188,325165451,829873533.0,2002595398.0,0.0
195,391,2217,0,0,tick,816916634,2001866853,2001870036,816916634,307810649,813957448.0,2002522204.0,0.0
196,393,2217,0,0,tick,821010440,2001861297,2001834600,821010440,307496442,809635678.0,2002451286.0,0.0
197,395,2217,0,0,tick,789740359,2002388587,2002173678,789740359,283366274,784072757.0,2002455186.0,0.0
198,397,2217,0,0,tick,794300708,1986492083,1986340584,794300708,286765370,772341503.0,1986150280.0,0.0
199,399,2217,0,0,tick,791794965,1980351555,1986307764,791794965,288251881,788740817.0,2001440381.0,0.0
200,401,2217,0,0,tick,752178748,2002168193,2001811842,752178748,262247860,746814798.0,1980219358.0,0.0
201,403,2217,0,0,tick,745114876,2002284144,2002024482,745114876,248687917,720770095.0,2002021091.0,0.0
202,405,2217,0,0,tick,693461750,2002099692,2001794616,693461750,215806665,675630529.0,2001459911.0,0.0
203,407,2217,0,0,tick,637902943,1986067548,1985963418,637902943,183452174,609306356.0,1994345170.0,0.0
204,409,2217,0,0,tick,471098419,1984657684,1984593624,471098419,122108559,684108119.0,1997721739.0,0.0
205,411,2217,0,0,tick,777460660,1979017228,1979648844,777460660,82452371,796128583.0,2000000900.0,0.0
206,413,2217,0,0,tick,789569758,1982749613,1977823896,789569758,86186945,767240083.0,1999101674.0,0.0
207,415,2217,0,0,tick,736338974,1993254167,1994254368,736338974,78413023,710652246.0,2000512348.0,0.0
208,417,2217,0,0,tick,692364928,1984298631,1979585676,692364928,83548630,628176248.0,1983838873.0,0.0
209,419,2217,0,0,tick,638029728,1999574839,1995451602,638029728,82639556,585819545.0,1978098203.0,0.0
210,421,2217,0,0,tick,557741595,1999629699,1996468320,557741595,79104352,506732242.0,2000750900.0,0.0
211,423,2217,0,0,tick,452811169,2000518209,1998481236,452811169,69082606,318923579.0,2001353931.0,0.0
212,425,2217,0,0,tick,591685230,2001626796,1992485988,591685230,277489369,537171803.0,2000410718.0,0.0
213,427,2217,0,0,tick,519296577,2000045067,2004194298,519296577,219125188,535005201.0,2000393806.0,0.0
214,429,2217,0,0,tick,438349870,2003312351,2011374696,438349870,130807929,910647134.0,1994931565.0,0.0
215,431,2217,0,0,tick,876458733,2003408031,2003069202,876458733,350501919,842911753.0,2002990212.0,0.0
216,433,2217,0,0,tick,849573584,1994673099,1994258994,849573584,334203590,862370368.0,1986097873.0,0.0
217,435,2217,0,0,tick,853147021,2001982687,2001529950,853147021,335575930,823048749.0,1985577637.0,0.0
218,437,2217,0,0,tick,796987689,1984214317,1985617602,796987689,300773375,817622574.0,2002303596.0,0.0
219,439,2217,0,0,tick,810160596,2002377076,2001866436,810160596,308842870,796380705.0,2002329348.0,0.0
220,441,2217,0,0,tick,800513543,2002339553,2001913446,800513543,301493305,833014555.0,2002287846.0,0.0
221,443,2217,0,0,tick,800212530,2002376703,2001903246,800212530,298553220,787825166.0,2002779008.0,0.0
222,445,2217,0,0,tick,793244709,2002621556,2002060860,793244709,290210132,757090868.0,2002487965.0,0.0
223,447,2217,0,0,tick,776207024,2002524087,2001992724,776207024,283609455,741174215.0,1985813135.0,0.0
224,449,2217,0,0,tick,720589689,2000767977,1999736208,720589689,241094410,712817173.0,1991388923.0,0.0
225,451,2217,0,0,tick,707159959,2002186874,2001330924,707159959,234902264,660645352.0,1994115619.0,0.0
226,453,2217,0,0,tick,641234798,1986149562,1985368140,641234798,198623191,635570876.0,2002266893.0,0.0
227,455,2217,0,0,tick,600442274,2002195027,2001694692,600442274,173493841,597981783.0,1986348776.0,0.0
228,457,2217,0,0,tick,560316035,2002398755,2002246062,560316035,152094229,413737380.0,1999135091.0,0.0
229,459,2217,0,0,tick,718100385,1987088492,1988918712,718100385,99370980,771185833.0,1999533474.0,0.0
230,461,2217,0,0,tick,808382606,1983666606,1978997472,808382606,83042757,820939219.0,2000582442.0,0.0
231,463,2217,0,0,tick,789421931,1981028668,1977992094,789421931,80826252,763320858.0,2000437709.0,0.0
232,465,2217,0,0,tick,710779636,2000306103,1995042594,710779636,76162358,660874107.0,2000703916.0,0.0
233,467,2217,0,0,tick,588870140,2000831935,1997227296,588870140,78770306,550427440.0,2000949492.0,0.0
234,469,2217,0,0,tick,452609651,1984549506,1982477310,452609651,60891623,366681497.0,2000083597.0,0.0
235,471,2217,0,0,tick,283616856,1985001268,1985467614,283616856,58074259,542347782.0,2000487075.0,0.0
236,473,2217,0,0,tick,559078765,2001109313,2006875344,559078765,233121751,545225236.0,2000484818.0,0.0
237,475,2217,0,0,tick,536724438,1984770781,1993442592,536724438,224606195,480963600.0,1996893009.0,0.0
238,477,2217,0,0,tick,950187578,2000233464,2000283594,950187578,377428006,889678385.0,2003831795.0,0.0
239,479,2217,0,0,tick,851252732,1986825248,1987125366,851252732,335438222,839538674.0,1975619143.0,0.0
240,481,2217,0,0,tick,843831753,2002739544,2003052564,843831753,329252079,849243122.0,2003077514.0,0.0
241,483,2217,0,0,tick,827624814,1986790387,1987068972,827624814,321473065,841711550.0,2003127203.0,0.0
242,485,2217,0,0,tick,837984620,2002541712,2002828194,837984620,322532485,842430910.0,1995205797.0,0.0
243,487,2217,0,0,tick,830006836,1985824823,1986583440,830006836,319627012,839186987.0,2002860015.0,0.0
244,489,2217,0,0,tick,830576531,2002556150,2002629900,830576531,313845561,834696499.0,2002821107.0,0.0
245,491,2217,0,0,tick,833401499,1984318197,1986560634,833401499,310416429,841845088.0,2002860044.0,0.0
246,493,2217,0,0,tick,831027731,2002717677,2002854234,831027731,305678613,848656149.0,2002927691.0,0.0
247,495,2217,0,0,tick,834844223,2002593938,2002642092,834844223,304345363,800103350.0,2002639588.0,0.0
248,497,2217,0,0,tick,798365668,1982923332,1984949496,798365668,285209822,791371323.0,2002425968.0,0.0
249,499,2217,0,0,tick,774952895,1985850050,1985813160,774952895,268127544,762094664.0,1975697755.0,0.0
250,501,2217,0,0,tick,741358221,2001897790,2001686280,741358221,241329787,720964085.0,2002298065.0,0.0
251,503,2217,0,0,tick,691845442,2002043947,2001787314,691845442,208226387,653554305.0,2002423316.0,0.0
252,505,2217,0,0,tick,607874933,1985868928,1985785560,607874933,163920071,608684052.0,2001675083.0,0.0
253,507,2217,0,0,tick,467214001,1982006942,1981893264,467214001,93243029,724501548.0,1984027454.0,0.0
254,509,2217,0,0,tick,786777777,1992147455,1987271124,786777777,83779719,829066595.0,1976475472.0,0.0
255,511,2217,0,0,tick,802163409,1999323605,1994871396,802163409,89216931,759816411.0,2000283474.0,0.0
256,513,2217,0,0,tick,714007073,1984007812,1979198934,714007073,81831711,686328782.0,1982617621.0,0.0
257,515,2217,0,0,tick,663478239,2000002821,1995485934,663478239,73800049,619190888.0,2000022491.0,0.0
258,517,2217,0,0,tick,580107212,1999786459,1996632342,580107212,80496282,483359901.0,2000164903.0,0.0
259,519,2217,0,0,tick,401542281,1984501902,1983767106,401542281,68571966,275658175.0,2001360794.0,0.0
260,521,2217,0,0,tick,549640559,2001941342,1996341594,549640559,238515420,544263583.0,1980431444.0,0.0
261,523,2217,0,0,tick,531177226,1983385404,1994853384,531177226,219319044,529670667.0,2000303181.0,0.0
262,525,2217,0,0,tick,467462287,1997770113,2003511624,467462287,141611620,947987033.0,2003661168.0,0.0
263,527,2217,0,0,tick,884124243,2003167344,2003099394,884124243,351164781,859298298.0,2003181436.0,0.0
264,529,2217,0,0,tick,853819206,2002285375,2002432710,853819206,335815218,855539088.0,2002860552.0,0.0
265,531,2217,0,0,tick,843835351,1996423247,2002543458,843835351,327697810,829771014.0,1984766550.0,0.0
266,533,2217,0,0,tick,841265377,2001623350,2001746142,841265377,322432671,842542953.0,2002602916.0,0.0
267,535,2217,0,0,tick,832576866,2002736870,2002758852,832576866,314898641,829994467.0,2002704806.0,0.0
268,537,2217,0,0,tick,836437790,2001763579,2001845076,836437790,313857113,833949190.0,2002319295.0,0.0
269,539,2217,0,0,tick,826094081,2002576413,2002585938,826094081,303481782,821913911.0,2002723500.0,0.0
270,541,2217,0,0,tick,818163876,1977680059,1985610054,818163876,302756389,814687752.0,2001938684.0,0.0
271,543,2217,0,0,tick,785032000,1986223199,1985986056,785032000,273848313,799514660.0,2001437401.0,0.0
272,545,2217,0,0,tick,780369362,1986142885,1985923260,780369362,269292279,781055127.0,2002440669.0,0.0
273,547,2217,0,0,tick,707771374,1993923045,1993081440,707771374,225311889,738728618.0,2002503081.0,0.0
274,549,2217,0,0,tick,714298509,1986064874,1985441184,714298509,225521672,679551903.0,1985753086.0,0.0
275,551,2217,0,0,tick,651082169,2000797284,2000183136,651082169,188985761,630742699.0,1975735749.0,0.0
276,553,2217,0,0,tick,404060589,1999644130,1999630080,404060589,105893568,700232417.0,1999185049.0,0.0
277,555,2217,0,0,tick,808852736,2000202841,1995799098,808852736,85587685,848381356.0,2000440879.0,0.0
278,557,2217,0,0,tick,825803740,1999965341,1995395916,825803740,90070210,825624927.0,2000053672.0,0.0
279,559,2217,0,0,tick,756129197,1999165891,1994229000,756129197,86869381,718784042.0,2000419045.0,0.0
280,561,2217,0,0,tick,686215622,2000230262,1995158538,686215622,75204674,642287968.0,1980912376.0,0.0
281,563,2217,0,0,tick,616739665,1999413531,1995601038,616739665,81839887,533061507.0,2000910720.0,0.0
282,565,2217,0,0,tick,460720135,1999791061,1997550948,460720135,72554589,420582282.0,2000615385.0,0.0
283,567,2217,0,0,tick,422980270,2000777894,1997362764,422980270,150604218,524567568.0,1982700383.0,0.0
284,569,2217,0,0,tick,544703859,2000561478,2006412444,544703859,226648410,541753229.0,2000546032.0,0.0
285,571,2217,0,0,tick,520077244,1999708486,2008980444,520077244,195097849,741806296.0,2000676140.0,0.0
286,573,2217,0,0,tick,904513266,2003710769,2003654604,904513266,358180734,872072428.0,1985129669.0,0.0
287,575,2217,0,0,tick,861989887,2002700210,2002776126,861989887,339996944,864197192.0,2003606660.0,0.0
288,577,2217,0,0,tick,858143618,2002567294,2002765746,858143618,333416328,853672191.0,2002961271.0,0.0
289,579,2217,0,0,tick,842663639,2001984564,2002208382,842663639,322025794,845389630.0,2003120241.0,0.0
290,581,2217,0,0,tick,833787676,1986197716,1986467964,833787676,312938780,844569634.0,2001203722.0,0.0
291,583,2217,0,0,tick,836669773,1997984882,2002049250,836669773,308337847,828554227.0,2002455379.0,0.0
292,585,2217,0,0,tick,837188995,2002101791,2002299030,837188995,306207332,834744192.0,2002356795.0,0.0
293,587,2217,0,0,tick,816611058,2002012233,2001889818,816611058,289638242,813753146.0,2002622157.0,0.0
294,589,2217,0,0,tick,797483338,1985131961,1985746074,797483338,279195581,812518003.0,2002382851.0,0.0
295,591,2217,0,0,tick,802455041,1978440667,1978236900,802455041,278109356,766499169.0,2001799237.0,0.0
296,593,2217,0,0,tick,747667912,1977963534,1985620104,747667912,242227386,719721349.0,1978317440.0,0.0
297,595,2217,0,0,tick,703283535,1993704529,1993524732,703283535,211349039,671789121.0,2002271010.0,0.0
298,597,2217,0,0,tick,629607122,1982379074,1986298524,629607122,168766899,419156983.0,1999647909.0,0.0
299,599,2217,0,0,tick,804474791,1999866852,1997808462,804474791,106678457,822466878.0,1984429107.0,0.0
300,601,2217,0,0,tick,830751869,1990210832,1986855558,830751869,89114739,808882111.0,1976456264.0,0.0
301,603,2217,0,0,tick,794644402,1983468820,1978825998,794644402,83316770,734144748.0,1983928250.0,0.0
302,605,2217,0,0,tick,727818278,2000079747,1995091818,727818278,78129957,678192591.0,2000463435.0,0.0
303,607,2217,0,0,tick,642920601,1999641675,1995838884,642920601,83537569,578598775.0,1982858885.0,0.0
304,609,2217,0,0,tick,500113410,1999739071,1997612844,500113410,75650249,457611340.0,1999768284.0,0.0
305,611,2217,0,0,tick,353219972,1999737076,1999128192,353219972,63842381,442641755.0,2000985827.0,0.0
306,613,2217,0,0,tick,579355681,2001366179,2003505846,579355681,252258139,520325536.0,2001106308.0,0.0
307,615,2217,0,0,tick,505357563,1984947594,1991735670,505357563,213877066,516312570.0,2000412578.0,0.0
308,617,2217,0,0,tick,722821569,1983197529,1986333822,722821569,245284677,887622136.0,2003495201.0,0.0
309,619,2217,0,0,tick,864444844,2002915492,2003233848,864444844,341391921,860856454.0,2003183438.0,0.0
310,621,2217,0,0,tick,858347249,2002760691,2003086230,858347249,333159133,843502365.0,1995028139.0,0.0
311,623,2217,0,0,tick,853159608,1998758758,2003118132,853159608,328892334,848357773.0,2002839259.0,0.0
312,625,2217,0,0,tick,849128332,2002952732,2003221566,849128332,323555389,843691696.0,2002857367.0,0.0
313,627,2217,0,0,tick,848106753,2002774965,2003065374,848106753,319787245,839624728.0,2002774563.0,0.0
314,629,2217,0,0,tick,823382642,1982062426,1994085600,823382642,298560987,851573218.0,2002923756.0,0.0
315,631,2217,0,0,tick,846850025,2002712364,2003013078,846850025,308690025,837707853.0,1994785144.0,0.0
316,633,2217,0,0,tick,829287244,1979026570,1985782596,829287244,303388247,783222869.0,1986029177.0,0.0
317,635,2217,0,0,tick,771977031,2002200694,2001884292,771977031,259621457,721793928.0,2001974594.0,0.0
318,637,2217,0,0,tick,748442456,2002098055,2001585306,748442456,241519908,706262835.0,1983530980.0,0.0
319,639,2217,0,0,tick,687778605,2001986929,2001417504,687778605,202577717,644894623.0,2002024774.0,0.0
320,641,2217,0,0,tick,591000835,2001081300,2001047754,591000835,151619404,539408077.0,1997679572.0,0.0
321,643,2217,0,0,tick,664459669,1999157604,1996523436,664459669,85721826,806499332.0,1976140697.0,0.0
322,645,2217,0,0,tick,820093501,1999604124,1994920128,820093501,89457956,821441157.0,1999594596.0,0.0
323,647,2217,0,0,tick,773138749,1999165137,1994642184,773138749,88852103,754029614.0,2000004660.0,0.0
324,649,2217,0,0,tick,723906994,1999292490,1994453010,723906994,78453941,669423360.0,2000204705.0,0.0
325,651,2217,0,0,tick,607143966,2000180439,1997033352,607143966,81206069,492427561.0,2000040344.0,0.0
326,653,2217,0,0,tick,444491534,2000652459,1998834042,444491534,71188647,383946926.0,1999952848.0,0.0
327,655,2217,0,0,tick,454217105,1992207435,1985645628,454217105,175255589,593365026.0,2001489938.0,0.0
328,657,2217,0,0,tick,555544316,2000078602,2004960702,555544316,238514119,544954530.0,2000525933.0,0.0
329,659,2217,0,0,tick,467627622,1998680584,2005433232,467627622,159594040,852470186.0,2000862372.0,0.0
330,661,2217,0,0,tick,882049593,1986454741,1986676770,882049593,349306604,881935629.0,2003254278.0,0.0
331,663,2217,0,0,tick,866543542,1994651621,1994968374,866543542,337505727,862659176.0,2003072108.0,0.0
332,665,2217,0,0,tick,861781748,2002806285,2003094198,861781748,330359762,864462395.0,2002991675.0,0.0
333,667,2217,0,0,tick,849618054,2001472473,2001520848,849618054,320766652,855684999.0,2002891894.0,0.0
334,669,2217,0,0,tick,867197567,2002676513,2002844610,867197567,325929438,864807344.0,2002183073.0,0.0
335,671,2217,0,0,tick,851756451,2001941560,2002075416,851756451,312173127,865405591.0,2002568037.0,0.0
336,673,2217,0,0,tick,851680308,1986337545,1986417720,851680308,310049209,865623989.0,2002583815.0,0.0
337,675,2217,0,0,tick,854732504,1994533529,2002745100,854732504,314188809,841053501.0,2002301869.0,0.0
338,677,2217,0,0,tick,847344505,2001905250,2002082718,847344505,308783308,850933426.0,2002332627.0,0.0
339,679,2217,0,0,tick,830308536,2002160836,2001965910,830308536,289769258,830476666.0,2002671846.0,0.0
340,681,2217,0,0,tick,809648770,2000684836,2000640360,809648770,270649969,768616627.0,1985847593.0,0.0
341,683,2217,0,0,tick,737137008,2001887348,2001427818,737137008,222682510,731211616.0,2001233162.0,0.0
342,685,2217,0,0,tick,700469904,2000758344,2000646222,700469904,197031774,572321105.0,2000292724.0,0.0
343,687,2217,0,0,tick,593589790,1992391092,1997965152,593589790,104334908,778930869.0,1998975480.0,0.0
344,689,2217,0,0,tick,829268809,2000015936,1995071868,829268809,88054769,834066797.0,2000402637.0,0.0
345,691,2217,0,0,tick,859958500,1983984316,1979970918,859958500,95408834,789052688.0,1999962003.0,0.0
346,693,2217,0,0,tick,781101207,1983747352,1979197992,781101207,82558170,667741266.0,2000208139.0,0.0
347,695,2217,0,0,tick,613394593,1987162203,1988505012,613394593,80869022,559247710.0,2000340056.0,0.0
348,697,2217,0,0,tick,439678413,1999624488,1997736312,439678413,68861366,373910597.0,1984396593.0,0.0
349,699,2217,0,0,tick,333958508,1985018197,1984426986,333958508,61776875,531564828.0,2001793441.0,0.0
350,701,2217,0,0,tick,554412787,2000515590,2007558114,554412787,232121772,539758842.0,1985048717.0,0.0
351,703,2217,0,0,tick,556410479,2000573959,2013358464,556410479,233128786,413940988.0,1998067959.0,0.0
352,705,2217,0,0,tick,1047318390,2002930893,2003192448,1047318390,399355203,889672745.0,1985725767.0,0.0
353,707,2217,0,0,tick,877352475,2002654042,2003031426,877352475,337063721,854257344.0,2002452803.0,0.0
354,709,2217,0,0,tick,845526937,1994096065,1994531574,845526937,321405721,859072979.0,2002723054.0,0.0
355,711,2217,0,0,tick,848134917,1986460414,1986981570,848134917,326098105,854798242.0,2002983067.0,0.0
356,713,2217,0,0,tick,847654688,2002559001,2002878252,847654688,316503668,829860867.0,1978816849.0,0.0
357,715,2217,0,0,tick,830973744,1975483287,1986321684,830973744,303154300,863332579.0,2002309015.0,0.0
358,717,2217,0,0,tick,849727280,2002664107,2002942044,849727280,310672538,799795370.0,2002597651.0,0.0
359,719,2217,0,0,tick,822391414,1986471134,1986551754,822391414,290483100,835173229.0,2002774551.0,0.0
360,721,2217,0,0,tick,770245670,2002075439,2001671262,770245670,250718374,740285701.0,2002298024.0,0.0
361,723,2217,0,0,tick,715585715,2000555945,2000308938,715585715,216483573,674113253.0,1991545313.0,0.0
362,725,2217,0,0,tick,641780857,1980353171,1985584200,641780857,175500582,411303399.0,1982553231.0,0.0
363,727,2217,0,0,tick,663898498,1999333198,1998605388,663898498,108939856,806657494.0,1999572856.0,0.0
364,729,2217,0,0,tick,795871894,1999647081,1995071538,795871894,86930130,802512860.0,1999992645.0,0.0
365,731,2217,0,0,tick,770164573,1999958697,1995766896,770164573,88393491,749319026.0,1976866598.0,0.0
366,733,2217,0,0,tick,719210224,1984673228,1980282846,719210224,78562329,668003349.0,1985010152.0,0.0
367,735,2217,0,0,tick,615542699,1992409613,1989277404,615542699,81324028,498970670.0,2001051369.0,0.0
368,737,2217,0,0,tick,490228238,2000728309,1998731130,490228238,74441487,436091619.0,2001608223.0,0.0
369,739,2217,0,0,tick,511213220,1995347664,1998288780,511213220,163682744,542610068.0,2001286348.0,0.0
370,741,2217,0,0,tick,568234589,1985299663,1995198012,568234589,234604193,562055077.0,2001621018.0,0.0
371,743,2217,0,0,tick,489139882,1983248567,1992749178,489139882,175606421,894712802.0,1985573659.0,0.0
372,745,2217,0,0,tick,968389014,1989739583,1995166860,968389014,374441300,912372317.0,2003378296.0,0.0
373,747,2217,0,0,tick,890843868,2003158225,2003396088,890843868,349667592,871551609.0,1993775112.0,0.0
374,749,2217,0,0,tick,873238466,2002993763,2003359968,873238466,339296166,867212647.0,2003074836.0,0.0
375,751,2217,0,0,tick,870124806,2002540175,2002782000,870124806,332483231,868227730.0,2003045100.0,0.0
376,753,2217,0,0,tick,871083378,2002868644,2003269656,871083378,329094846,875185601.0,2002709860.0,0.0
377,755,2217,0,0,tick,863242839,2002540448,2002819362,863242839,317352306,886853580.0,2002871267.0,0.0
378,757,2217,0,0,tick,855055861,1985240219,1985946138,855055861,309915568,854004768.0,1986809327.0,0.0
379,759,2217,0,0,tick,862074370,2000770647,2001180636,862074370,309832717,832160681.0,1993478509.0,0.0
380,761,2217,0,0,tick,812311194,1986263289,1986083160,812311194,272062751,820204693.0,2002494305.0,0.0
381,763,2217,0,0,tick,816697810,2001889467,2001922902,816697810,271235058,767560854.0,2002067923.0,0.0
382,765,2217,0,0,tick,726344911,2000903132,2000788950,726344911,209397342,668453588.0,2001556325.0,0.0
383,767,2217,0,0,tick,646018576,1978401648,1986252570,646018576,172513509,435613502.0,1983127829.0,0.0
384,769,2217,0,0,tick,660903599,1975845830,1982322330,660903599,96687419,827272352.0,1984541549.0,0.0
385,771,2217,0,0,tick,845618571,2000011053,1996011234,845618571,92836302,850743138.0,2000508981.0,0.0
386,773,2217,0,0,tick,781134186,1984798674,1981402890,781134186,91621365,741767184.0,1984529115.0,0.0
387,775,2217,0,0,tick,647664299,1990800624,1986314550,647664299,72879583,608709998.0,1993532806.0,0.0
388,777,2217,0,0,tick,554930859,2001120840,1998164220,554930859,77104855,467395116.0,1999964599.0,0.0
389,779,2217,0,0,tick,366134364,2000090297,1999382160,366134364,64455874,349164739.0,2000731625.0,0.0
390,781,2217,0,0,tick,577297515,2000655567,1998822660,577297515,251222088,553493860.0,1996085662.0,0.0
391,783,2217,0,0,tick,559318368,2000345064,2014430814,559318368,233775900,595009322.0,1984947699.0,0.0
392,785,2217,0,0,tick,581131226,1974229057,1985090898,581131226,179110682,964598918.0,2002370383.0,0.0
393,787,2217,0,0,tick,903124669,2002738640,2002967058,903124669,347579243,865826730.0,1987095363.0,0.0
394,789,2217,0,0,tick,877816985,2002976574,2003348814,877816985,336231863,868523957.0,2003209687.0,0.0
395,791,2217,0,0,tick,870831344,2002739400,2003058576,870831344,329744542,878325884.0,2003046725.0,0.0
396,793,2217,0,0,tick,892737587,1987195167,1987326300,892737587,342065137,876325730.0,1987014599.0,0.0
397,795,2217,0,0,tick,872220183,1986691155,1986985122,872220183,327235378,851025684.0,2002282844.0,0.0
398,797,2217,0,0,tick,846088855,1980841823,1986293004,846088855,302344862,874810717.0,2002356227.0,0.0
399,799,2217,0,0,tick,853634052,1978360080,1986427338,853634052,295962029,841149869.0,2002464819.0,0.0
400,801,2217,0,0,tick,801517109,2002181366,2001711378,801517109,255442700,753198265.0,2001913708.0,0.0
401,803,2217,0,0,tick,698889471,2002136056,2002257198,698889471,193655032,542276590.0,1984689663.0,0.0
402,805,2217,0,0,tick,605892964,1997998455,1997529270,605892964,106288752,740293371.0,1976039392.0,0.0
403,807,2217,0,0,tick,839930836,1983896894,1979277648,839930836,86061181,848860783.0,2000319452.0,0.0
404,809,2217,0,0,tick,818044802,2000106010,1995879606,818044802,92667105,796932294.0,2000769932.0,0.0
405,811,2217,0,0,tick,744706171,2000227205,1996027494,744706171,89192684,709897576.0,2000724599.0,0.0
406,813,2217,0,0,tick,594919164,1992412498,1988447694,594919164,70334104,544627112.0,1991625763.0,0.0
407,815,2217,0,0,tick,430017491,2000425843,1998766698,430017491,70937105,470498899.0,2000044687.0,0.0
408,817,2217,0,0,tick,390879562,2001028965,1999213350,390879562,124489299,563340500.0,1980174132.0,0.0
409,819,2217,0,0,tick,554249120,2001399708,2013777966,554249120,229882525,584658413.0,2001044885.0,0.0
410,821,2217,0,0,tick,527102879,1999369973,2007658812,527102879,200631531,796750072.0,1999959809.0,0.0
411,823,2217,0,0,tick,991773788,2002499895,2002657938,991773788,382070589,928307033.0,2003348325.0,0.0
412,825,2217,0,0,tick,899743088,2003041006,2003239578,899743088,347861079,889727276.0,2003127746.0,0.0
413,827,2217,0,0,tick,872571765,1981137174,1986689328,872571765,335698530,881529781.0,1987225922.0,0.0
414,829,2217,0,0,tick,887866076,2002212590,2002346706,887866076,332999296,892243012.0,2002980536.0,0.0
415,831,2217,0,0,tick,887209333,2002660959,2002969698,887209333,327860964,901542847.0,2002821369.0,0.0
416,833,2217,0,0,tick,885847585,2002653686,2002955862,885847585,326160850,884521444.0,2002854889.0,0.0
417,835,2217,0,0,tick,859704662,2002209207,2002411878,859704662,305401009,847625740.0,1978351292.0,0.0
418,837,2217,0,0,tick,846336561,2002236224,2002223736,846336561,290481271,820850343.0,1987739878.0,0.0
419,839,2217,0,0,tick,840606505,1985894972,1985954292,840606505,283193502,796482864.0,1993399851.0,0.0
420,841,2217,0,0,tick,739524871,2002064190,2001741006,739524871,214980927,602327828.0,1983174849.0,0.0
421,843,2217,0,0,tick,550329165,1989299813,1990260534,550329165,102792678,690531022.0,1999370906.0,0.0
422,845,2217,0,0,tick,804066663,1983646385,1979383200,804066663,83563963,916931110.0,1984744474.0,0.0
423,847,2217,0,0,tick,815502001,1984590024,1981815684,815502001,94736013,736399210.0,2000719067.0,0.0
424,849,2217,0,0,tick,734999079,1999900374,1997522838,734999079,92086761,602256643.0,1979695859.0,0.0
425,851,2217,0,0,tick,558733792,1999909498,1996907046,558733792,68716547,414899762.0,2000796302.0,0.0
426,853,2217,0,0,tick,401789341,2000558250,1999319556,401789341,66581909,457669216.0,2001673387.0,0.0
427,855,2217,0,0,tick,605029085,2000442263,2009158080,605029085,249875412,550011758.0,2000317332.0,0.0
428,857,2217,0,0,tick,576658661,1985049388,1997277594,576658661,238422921,468661995.0,1998924855.0,0.0
429,859,2217,0,0,tick,1050351034,2001178632,2001823350,1050351034,392436770,932088214.0,2003616848.0,0.0
430,861,2217,0,0,tick,898790654,2002927824,2003117958,898790654,350934521,884204114.0,1987052149.0,0.0
431,863,2217,0,0,tick,870985708,1994533994,1994969262,870985708,335389240,876830777.0,1987255568.0,0.0
432,865,2217,0,0,tick,876593125,2002139775,2002572348,876593125,330367035,882805177.0,2002789670.0,0.0
433,867,2217,0,0,tick,882486581,2001494204,2001963216,882486581,328400936,874499614.0,1985998530.0,0.0
434,869,2217,0,0,tick,900524494,2002634153,2003142804,900524494,330734773,893329058.0,2002834341.0,0.0
435,871,2217,0,0,tick,865147398,2001937216,2002286940,865147398,308245484,848622562.0,2002528363.0,0.0
436,873,2217,0,0,tick,824165162,2002141879,2002167954,824165162,271866543,780113311.0,2002271281.0,0.0
437,875,2217,0,0,tick,714185620,1992825339,1994123688,714185620,206382644,582231508.0,2000621023.0,0.0
438,877,2217,0,0,tick,536641759,1980333713,1989947034,536641759,102172904,628477520.0,2000680313.0,0.0
439,879,2217,0,0,tick,839310026,2000113014,1995911046,839310026,90257782,971685968.0,2000857476.0,0.0
440,881,2217,0,0,tick,894698152,1999890578,1996518048,894698152,100520217,862359774.0,1974048674.0,0.0
441,883,2217,0,0,tick,793242264,2000109455,1996813374,793242264,87896100,687168948.0,2000913458.0,0.0
442,885,2217,0,0,tick,605919426,1984858229,1981955064,605919426,81730219,561093461.0,2000935515.0,0.0
443,887,2217,0,0,tick,454047864,2000746599,1998956130,454047864,62725786,369934992.0,2001427191.0,0.0
444,889,2217,0,0,tick,617559736,1999708502,2000932338,617559736,256723675,564918211.0,1988499670.0,0.0
445,891,2217,0,0,tick,600688821,1999769306,2012614074,600688821,248399292,635126272.0,2001172799.0,0.0
446,893,2217,0,0,tick,628903740,1997544698,1999652406,628903740,197425873,982024127.0,2002208864.0,0.0
447,895,2217,0,0,tick,902217055,1985283308,1985504550,902217055,345408983,893602097.0,2003065728.0,0.0
448,897,2217,0,0,tick,887320835,2000954535,2001207816,887320835,336583875,883781347.0,2001132061.0,0.0
449,899,2217,0,0,tick,892504382,2001661387,2001984528,892504382,331198411,886181012.0,1983386912.0,0.0
450,901,2217,0,0,tick,903189781,2001798958,2002125702,903189781,328145992,911190443.0,2002565129.0,0.0
451,903,2217,0,0,tick,898219112,1986473127,1986674754,898219112,313919882,860008770.0,2002559417.0,0.0
452,905,2217,0,0,tick,823018094,2002138145,2001925146,823018094,253210646,744985831.0,2002526099.0,0.0
453,907,2217,0,0,tick,502131401,1980319495,1983763716,502131401,130890607,606560396.0,1981313309.0,0.0
454,909,2217,0,0,tick,776099369,1998793758,1995533904,776099369,85704904,802362104.0,1999790082.0,0.0
455,911,2217,0,0,tick,770907602,2000079422,1997424840,770907602,91611174,765221209.0,1999249995.0,0.0
456,913,2217,0,0,tick,740634887,1998914457,1995952308,740634887,82786711,646192914.0,2000602559.0,0.0
457,915,2217,0,0,tick,617833845,1984408657,1983164832,617833845,83241645,631262091.0,2001145608.0,0.0
458,917,2217,0,0,tick,545880690,1999246796,1996448904,545880690,67510001,441295555.0,1998736626.0,0.0
459,919,2217,0,0,tick,550900458,1975832274,1982921358,550900458,220512392,618461079.0,1999203286.0,0.0
460,921,2217,0,0,tick,591533571,1999492212,2010263532,591533571,246209490,597716188.0,2001459122.0,0.0
461,923,2217,0,0,tick,599840260,1983082541,1986458268,599840260,186892756,968216311.0,2003203312.0,0.0
462,925,2217,0,0,tick,906208951,2002822649,2002871868,906208951,348062031,881656353.0,2001861878.0,0.0
463,927,2217,0,0,tick,879260254,1988578145,1988875002,879260254,326013389,873447389.0,1981077058.0,0.0
464,929,2217,0,0,tick,887719936,1986671805,1987064460,887719936,325108829,901390554.0,2002896000.0,0.0
465,931,2217,0,0,tick,901685915,2002094226,2002291734,901685915,328846569,898122650.0,2001075950.0,0.0
466,933,2217,0,0,tick,883276790,2000582908,2000794416,883276790,311431424,847341885.0,2002411660.0,0.0
467,935,2217,0,0,tick,807356323,2002132816,2002006428,807356323,251910736,692990042.0,2002592386.0,0.0
468,937,2217,0,0,tick,448934269,1999467105,1999391664,448934269,102459601,554435224.0,2000989085.0,0.0
469,939,2217,0,0,tick,860206066,1979040997,1980317796,860206066,91616525,868945720.0,1984986906.0,0.0
470,941,2217,0,0,tick,920783512,2001046399,1998086676,920783512,103969305,821305332.0,1978211420.0,0.0
471,943,2217,0,0,tick,751014136,1983947214,1981391346,751014136,93580376,675970173.0,1984683621.0,0.0
472,945,2217,0,0,tick,440365903,1982611611,1981772280,440365903,71158993,424840378.0,2001720227.0,0.0
473,947,2217,0,0,tick,500624518,2000643678,1998350676,500624518,73890917,500353897.0,1999497204.0,0.0
474,949,2217,0,0,tick,671123570,1992806736,2011266216,671123570,275349524,600897380.0,2001009714.0,0.0
475,951,2217,0,0,tick,622854825,2000745040,2011407444,622854825,256224053,451879417.0,1998463263.0,0.0
476,953,2217,0,0,tick,1090524152,2003364137,2003520246,1090524152,406549742,930360257.0,2003780320.0,0.0
477,955,2217,0,0,tick,881066739,1986954794,1987122090,881066739,334183152,893648314.0,2003133083.0,0.0
478,957,2217,0,0,tick,910343320,2002664314,2002800780,910343320,341645343,911815427.0,2002831299.0,0.0
479,959,2217,0,0,tick,910221375,1983099396,1987400592,910221375,340246291,907055768.0,2003010601.0,0.0
480,961,2217,0,0,tick,908261327,2001669287,2001883134,908261327,324422531,926938567.0,2002296963.0,0.0
481,963,2217,0,0,tick,911650084,1986568831,1986911976,911650084,319730792,926414957.0,2002929557.0,0.0
482,965,2217,0,0,tick,907782408,2002500554,2002545930,907782408,306939251,816036207.0,2002493229.0,0.0
483,967,2217,0,0,tick,504688440,1982050641,1983937182,504688440,131670450,600557921.0,1999119562.0,0.0
484,969,2217,0,0,tick,726666411,2000503341,1997564982,726666411,82720477,678038898.0,1985040254.0,0.0
485,971,2217,0,0,tick,699989292,1983989120,1981129344,699989292,84208926,773952666.0,1999162922.0,0.0
486,973,2217,0,0,tick,730942009,1984314102,1982169570,730942009,88766147,655591539.0,2001359461.0,0.0
487,975,2217,0,0,tick,412259980,2000478992,1999660722,412259980,68245732,398939839.0,2001293887.0,0.0
488,977,2217,0,0,tick,470745869,2000980900,1999763880,470745869,64847649,638533483.0,1985252839.0,0.0
489,979,2217,0,0,tick,594559330,2000887176,2006173452,594559330,247704918,579603925.0,1977379207.0,0.0
490,981,2217,0,0,tick,628961675,1982234703,1992177036,628961675,244674907,747185860.0,1991577185.0,0.0
491,983,2217,0,0,tick,1056982827,2002999435,2003005512,1056982827,405793563,1001253251.0,1987281888.0,0.0
492,985,2217,0,0,tick,1000164831,1994890209,1994813496,1000164831,383619008,987731196.0,2003196412.0,0.0
493,987,2217,0,0,tick,976054854,1993723295,1994209584,976054854,372703237,979658334.0,2002226723.0,0.0
494,989,2217,0,0,tick,969310916,1978821684,1986781170,969310916,371089009,975340390.0,2003204222.0,0.0
495,991,2217,0,0,tick,977921457,2002958396,2003099370,977921457,372610282,979802125.0,2002772296.0,0.0
496,993,2217,0,0,tick,967912534,1985357252,1986773970,967912534,370266010,979040260.0,2002949868.0,0.0
497,995,2217,0,0,tick,974354721,1993870412,1993955082,974354721,366578675,976411616.0,2002051212.0,0.0
498,997,2217,0,0,tick,975269734,2002673605,2002766736,975269734,363760487,986513235.0,2002845961.0,0.0
499,999,2217,0,0,tick,974736256,1986335713,1986404580,974736256,358474006,982032652.0,2002144050.0,0.0
500,1001,2217,0,0,tick,989839539,2002659712,2002787154,989839539,362075633,985467879.0,2002751941.0,0.0
501,1003,2217,0,0,tick,987204908,1986138617,1986123258,987204908,363019948,989497120.0,2002752276.0,0.0
502,1005,2217,0,0,tick,984780211,2001848962,2001935412,984780211,361028226,957604448.0,2002254113.0,0.0
503,1007,2217,0,0,tick,860919070,2000631452,2000887740,860919070,303101813,848251010.0,2002184406.0,0.0
504,1009,2217,0,0,tick,805416793,1978321132,1986016914,805416793,271346477,798884592.0,2002229517.0,0.0
505,1011,2217,0,0,tick,781357805,1986075216,1986101418,781357805,250306219,740169737.0,2002481472.0,0.0
506,1013,2217,0,0,tick,601532759,2001713478,2001658404,601532759,162738584,461828414.0,2000925029.0,0.0
507,1015,2217,0,0,tick,551818680,2000182189,1999720782,551818680,104612887,496899404.0,1998951092.0,0.0
508,1017,2217,0,0,tick,900524329,1998263632,1994679552,900524329,96312499,1000103416.0,1998818606.0,0.0
509,1019,2217,0,0,tick,962864001,1999371640,1996659084,962864001,106663070,913624520.0,2001213769.0,0.0
510,1021,2217,0,0,tick,865714072,2001388717,2000040198,865714072,96652184,586359625.0,2000615229.0,0.0
511,1023,2217,0,0,tick,492766720,1998904014,1998450792,492766720,75597655,444749481.0,1999678915.0,0.0
512,1025,2217,0,0,tick,636992245,1984061696,1985167104,636992245,239620465,716672824.0,2001774124.0,0.0
513,1027,2217,0,0,tick,730428543,2001201702,2010705720,730428543,301347447,645957917.0,1999466451.0,0.0
514,1029,2217,0,0,tick,1089093553,1986993032,1986939522,1089093553,404083201,902903521.0,1979151561.0,0.0
515,1031,2217,0,0,tick,916885393,2002642589,2002764636,916885393,347616024,915616147.0,2003243501.0,0.0
516,1033,2217,0,0,tick,908499236,2002898823,2003113578,908499236,336547801,906427696.0,1986688445.0,0.0
517,1035,2217,0,0,tick,901066588,2000775319,2000920818,901066588,325523970,900578690.0,1986601207.0,0.0
518,1037,2217,0,0,tick,911990060,2002341648,2002460004,911990060,318624215,916626527.0,2002016066.0,0.0
519,1039,2217,0,0,tick,840548104,2001880447,2001819900,840548104,264928403,731634098.0,1978542394.0,0.0
520,1041,2217,0,0,tick,465515269,1996420646,1998271854,465515269,100977753,519805698.0,2000560400.0,0.0
521,1043,2217,0,0,tick,897586146,1999012244,1995858942,897586146,97489560,749118918.0,1984345556.0,0.0
522,1045,2217,0,0,tick,771957564,1984501905,1981751358,771957564,85739866,866915613.0,1999767973.0,0.0
523,1047,2217,0,0,tick,801232060,2000636994,1998587682,801232060,95364629,630660998.0,1999395933.0,0.0
524,1049,2217,0,0,tick,432327330,1984046594,1982929554,432327330,70643641,348645606.0,2000917252.0,0.0
525,1051,2217,0,0,tick,503445327,2001140407,1998411354,503445327,135508004,668044003.0,1999165810.0,0.0
526,1053,2217,0,0,tick,629250892,1999996297,2006126748,629250892,266574384,716847076.0,2001082607.0,0.0
527,1055,2217,0,0,tick,526804173,1981239622,1985481018,526804173,162285584,980298854.0,2001273309.0,0.0
528,1057,2217,0,0,tick,924634171,2002912374,2003156046,924634171,349543996,900485552.0,1986848775.0,0.0
529,1059,2217,0,0,tick,892514832,1985620185,1986010590,892514832,334673711,900375787.0,2002391238.0,0.0
530,1061,2217,0,0,tick,904131484,2002102368,2002436940,904131484,338306512,896678356.0,2002524848.0,0.0
531,1063,2217,0,0,tick,900106164,1989909500,1994247648,900106164,328655671,883667325.0,2002614757.0,0.0
532,1065,2217,0,0,tick,883007148,2002057433,2002191816,883007148,315106365,897592215.0,2002661199.0,0.0
533,1067,2217,0,0,tick,864647620,2001191858,2000967522,864647620,292977968,862646705.0,2002173737.0,0.0
534,1069,2217,0,0,tick,813365090,2002379454,2001882018,813365090,271990044,765123628.0,1986376383.0,0.0
535,1071,2217,0,0,tick,693575531,1974858148,1985360340,693575531,201286809,622650722.0,2002381270.0,0.0
536,1073,2217,0,0,tick,425525403,1999309369,1999277262,425525403,110886315,586791051.0,1992276950.0,0.0
537,1075,2217,0,0,tick,635908995,2001076941,1998799578,635908995,79016225,827877578.0,2001142339.0,0.0
538,1077,2217,0,0,tick,798395260,2000943841,1997683656,798395260,86552523,702223730.0,1994883672.0,0.0
539,1079,2217,0,0,tick,748652912,2000624108,1998703482,748652912,91429455,713706602.0,1998030191.0,0.0
540,1081,2217,0,0,tick,510930447,1989178427,1992306504,510930447,74584583,413209028.0,2001570173.0,0.0
541,1083,2217,0,0,tick,421058328,1999608139,1999244352,421058328,133724437,600717412.0,2001245704.0,0.0
542,1085,2217,0,0,tick,591869299,2000461972,2004828150,591869299,252850235,648202939.0,2001733474.0,0.0
543,1087,2217,0,0,tick,521185382,1999285894,2004406158,521185382,170191008,1035679312.0,2003322885.0,0.0
544,1089,2217,0,0,tick,960963694,1986975074,1987203528,960963694,365576908,920112569.0,1979493539.0,0.0
545,1091,2217,0,0,tick,910521756,1981793935,1987285836,910521756,344786225,915689447.0,2003446010.0,0.0
546,1093,2217,0,0,tick,917307443,2002923652,2003084676,917307443,344337758,913291268.0,1987008990.0,0.0
547,1095,2217,0,0,tick,911724197,2002382725,2002673556,911724197,339740880,907439336.0,2002707029.0,0.0
548,1097,2217,0,0,tick,920952084,2002847273,2003216238,920952084,336816551,908787250.0,1984885650.0,0.0
549,1099,2217,0,0,tick,907066566,1978804572,1987060470,907066566,333552203,910490653.0,2002952947.0,0.0
550,1101,2217,0,0,tick,897104556,1995923641,2002080786,897104556,317001907,909790558.0,2000541246.0,0.0
551,1103,2217,0,0,tick,890816305,2000446460,2000578224,890816305,303273016,840054467.0,1985736183.0,0.0
552,1105,2217,0,0,tick,754117429,2002475978,2002704906,754117429,219433010,474545569.0,1998992271.0,0.0
553,1107,2217,0,0,tick,538891583,2000821927,1999211700,538891583,78908964,843823183.0,2000797761.0,0.0
554,1109,2217,0,0,tick,832052712,1984842760,1981855374,832052712,93844757,776146548.0,2000425821.0,0.0
555,1111,2217,0,0,tick,820738553,1984333973,1982475552,820738553,94491930,745414613.0,2001520992.0,0.0
556,1113,2217,0,0,tick,672312238,1999978486,1997760228,672312238,87155039,629037905.0,1984207324.0,0.0
557,1115,2217,0,0,tick,471616296,1983807857,1982357826,471616296,64571105,288930243.0,1982984472.0,0.0
558,1117,2217,0,0,tick,612153836,2001481142,2002914168,612153836,262183937,610838875.0,1993192181.0,0.0
559,1119,2217,0,0,tick,655814122,2001023062,2011372368,655814122,272579225,572365225.0,2000286448.0,0.0
560,1121,2217,0,0,tick,831041241,2000174289,2001814368,831041241,277193488,919952246.0,1976228229.0,0.0
561,1123,2217,0,0,tick,938043934,2001688837,2001779106,938043934,333066487,959719133.0,2002297658.0,0.0
562,1125,2217,0,0,tick,902408194,2002053443,2002095282,902408194,306688494,817195828.0,1986465740.0,0.0
563,1127,2217,0,0,tick,639177450,1984506641,1985805930,639177450,167564679,519505369.0,2000671018.0,0.0
564,1129,2217,0,0,tick,518414388,1985120385,1983763926,518414388,74539931,871313194.0,1984036678.0,0.0
565,1131,2217,0,0,tick,860733228,1989780412,1989209400,860733228,96192064,858361746.0,2001348186.0,0.0
566,1133,2217,0,0,tick,599340172,1999967790,1998891030,599340172,82772004,527951692.0,1985706261.0,0.0
567,1135,2217,0,0,tick,379737592,2000329620,2000272128,379737592,65874963,273314681.0,1985920557.0,0.0
568,1137,2217,0,0,tick,434896065,1985800124,1986498894,434896065,164330603,707606718.0,2001601250.0,0.0
569,1139,2217,0,0,tick,612116437,2001485364,2006503632,612116437,256474092,728179750.0,2001068911.0,0.0
570,1141,2217,0,0,tick,778083292,1988569045,1991958522,778083292,255748540,1027069453.0,2003215408.0,0.0
571,1143,2217,0,0,tick,948756383,1976087707,1986907980,948756383,354323762,954330032.0,2003323263.0,0.0
572,1145,2217,0,0,tick,948485837,2003087195,2003367114,948485837,348734750,935885017.0,1987223519.0,0.0
573,1147,2217,0,0,tick,945937317,2003352879,2003412120,945937317,349332776,944461208.0,2003043869.0,0.0
574,1149,2217,0,0,tick,948663992,1983583650,1986358692,948663992,336411622,955893447.0,2002894741.0,0.0
575,1151,2217,0,0,tick,919861175,2002450173,2002450488,919861175,309794832,923652197.0,2000875008.0,0.0
576,1153,2217,0,0,tick,720519533,1986492598,1986436596,720519533,196391722,472968798.0,2000138809.0,0.0
577,1155,2217,0,0,tick,519000476,1974007447,1983509442,519000476,83828534,859991551.0,1998549784.0,0.0
578,1157,2217,0,0,tick,785415532,1984445765,1982383482,785415532,92043276,592427874.0,2000532682.0,0.0
579,1159,2217,0,0,tick,347212002,2000356242,2000228592,347212002,60591649,474793134.0,1999798358.0,0.0
580,1161,2217,0,0,tick,533883044,2001055749,2000457234,533883044,77989879,267586010.0,2001436415.0,0.0
581,1163,2217,0,0,tick,679109895,1983842954,1985931912,679109895,285434631,677131678.0,1999811956.0,0.0
582,1165,2217,0,0,tick,668846922,1990631014,2016758988,668846922,274064248,532675419.0,1998979786.0,0.0
583,1167,2217,0,0,tick,1151028998,1985354541,1985450262,1151028998,414747598,1194996849.0,2001273339.0,0.0
584,1169,2217,0,0,tick,1192932712,2002212520,2002250664,1192932712,430779917,1171373615.0,1986832053.0,0.0
585,1171,2217,0,0,tick,1187780879,2002983323,2002940070,1187780879,418874532,1198282877.0,2003375341.0,0.0
586,1173,2217,0,0,tick,1235374140,1976297766,1986724764,1235374140,431892813,1207037887.0,1986973617.0,0.0
587,1175,2217,0,0,tick,1264957051,2002928050,2002810548,1264957051,437458054,1270805210.0,2002422935.0,0.0
588,1177,2217,0,0,tick,996411220,2002672440,2002754058,996411220,319526730,640523574.0,2002279873.0,0.0
589,1179,2217,0,0,tick,432654966,1982759961,1984143978,432654966,103657698,444835214.0,2002012209.0,0.0
590,1181,2217,0,0,tick,292341983,2000430506,1999688550,292341983,55900775,653436823.0,1984562090.0,0.0
591,1183,2217,0,0,tick,918943712,1984746665,1983241728,918943712,103614882,865900904.0,2000016230.0,0.0
592,1185,2217,0,0,tick,384836903,2001558780,2001684426,384836903,64155120,583363550.0,2001464505.0,0.0
593,1187,2217,0,0,tick,414652210,2001880075,2003298936,414652210,137414249,906396303.0,2001937365.0,0.0
594,1189,2217,0,0,tick,769663492,2001418719,2012143740,769663492,315381993,599151249.0,1999941036.0,0.0
595,1191,2217,0,0,tick,997917814,1994189597,1994103420,997917814,354791869,990249868.0,2003179659.0,0.0
596,1193,2217,0,0,tick,950044564,2002938365,2002737684,950044564,341982278,986793331.0,1987491240.0,0.0
597,1195,2217,0,0,tick,969038570,1986838366,1987006860,969038570,335965196,950588176.0,2002881135.0,0.0
598,1197,2217,0,0,tick,919824224,2001856336,2001619896,919824224,298121267,717156415.0,1996441934.0,0.0
599,1199,2217,0,0,tick,603477566,2001291019,2001265368,603477566,156452444,460615699.0,1983412797.0,0.0
600,1201,2217,0,0,tick,351297828,2001003128,2000285430,351297828,63463005,734743177.0,1976582745.0,0.0
601,1203,2217,0,0,tick,1006862329,2000428011,1998615180,1006862329,108006474,883676359.0,1986681056.0,0.0
602,1205,2217,0,0,tick,854343724,1982283091,1983302736,854343724,96763878,883930627.0,1984365172.0,0.0
603,1207,2217,0,0,tick,1012729628,2001221340,1999676268,1012729628,112776498,545516185.0,2001097807.0,0.0
604,1209,2217,0,0,tick,292662379,1985664790,1986213138,292662379,59562810,778322233.0,1993819461.0,0.0
605,1211,2217,0,0,tick,915042098,2000956025,2006850048,915042098,373549712,776511620.0,2000116239.0,0.0
606,1213,2217,0,0,tick,823613019,1984603974,1984732668,823613019,261382277,1019994106.0,1976015827.0,0.0
607,1215,2217,0,0,tick,995957536,1986828279,1986408540,995957536,345248069,1020434161.0,1986638209.0,0.0
608,1217,2217,0,0,tick,584219270,2001263292,2001338010,584219270,156487578,502991703.0,2000627126.0,0.0
609,1219,2217,0,0,tick,317250472,2001366147,2000353098,317250472,59708495,368596223.0,2001536614.0,0.0
610,1221,2217,0,0,tick,339226990,1999982723,2000645940,339226990,56620089,292041114.0,2001353430.0,0.0
611,1223,2217,0,0,tick,274174469,1993540642,1994875158,274174469,52032446,582054348.0,2000141329.0,0.0
612,1225,2217,0,0,tick,1124698403,1976515772,1986957966,1124698403,464449174,863483637.0,2000511972.0,0.0
613,1227,2217,0,0,tick,935791578,1984666016,1984698726,935791578,289374236,1127376992.0,2003468073.0,0.0
614,1229,2217,0,0,tick,995471243,2002814531,2002862694,995471243,315438247,783826346.0,2002702381.0,0.0
615,1231,2217,0,0,tick,472417406,1998599843,1998650448,472417406,108140626,391620502.0,1986376468.0,0.0
616,1233,2217,0,0,tick,281677697,1976110372,1983402642,281677697,53883602,260316465.0,2000227472.0,0.0
617,1235,2217,0,0,tick,251929752,1976734032,1986349542,251929752,49854257,254746745.0,2000197580.0,0.0
618,1237,2217,0,0,tick,369017770,1999064982,1999137366,369017770,118311147,845326219.0,2001578657.0,0.0
619,1239,2217,0,0,tick,1089119086,2000548227,2001768528,1089119086,443143463,861722947.0,1999762158.0,0.0
620,1241,2217,0,0,tick,1141910345,2003176263,2002840656,1141910345,408012300,1145225303.0,2003362299.0,0.0
621,1243,2217,0,0,tick,1138246707,2003254287,2002791210,1138246707,398457131,1246671576.0,1986231296.0,0.0
622,1245,2217,0,0,tick,484910285,1988984184,1990337616,484910285,130775941,456263302.0,2006557932.0,0.0
623,1247,2217,0,0,tick,268144477,1994483569,1994260308,268144477,53333889,252906909.0,2002221220.0,0.0
624,1249,2217,0,0,tick,250132813,1981820058,1987417590,250132813,49775459,254047113.0,2002016065.0,0.0
625,1251,2217,0,0,tick,452609629,2000718795,2001060216,452609629,126557536,516680588.0,2005504164.0,0.0
626,1253,2217,0,0,tick,278880074,2003244105,2003204646,278880074,55448192,254851361.0,2002369845.0,0.0
627,1255,2217,0,0,tick,251904925,1993894433,1995663006,251904925,50137366,253320337.0,2001382390.0,0.0
